name,definition,codesystem,code,ontologyTermURI
"Afar","Afar","ISO_639-3:2007","aar","http://www.lexvo.org/data/iso639-3/aar"
"Abkhazian","Abkhazian","ISO_639-3:2007","abk","http://www.lexvo.org/data/iso639-3/abk"
"Achinese","Achinese","ISO_639-3:2007","ace","http://www.lexvo.org/data/iso639-3/ace"
"Acoli","Acoli","ISO_639-3:2007","ach","http://www.lexvo.org/data/iso639-3/ach"
"Adangme","Adangme","ISO_639-3:2007","ada","http://www.lexvo.org/data/iso639-3/ada"
"Adyghe; Adygei","Adyghe; Adygei","ISO_639-3:2007","ady","http://www.lexvo.org/data/iso639-3/ady"
"Afro-Asiatic languages","Afro-Asiatic languages","ISO_639-3:2007","afa","http://www.lexvo.org/data/iso639-3/afa"
"Afrihili","Afrihili","ISO_639-3:2007","afh","http://www.lexvo.org/data/iso639-3/afh"
"Afrikaans","Afrikaans","ISO_639-3:2007","afr","http://www.lexvo.org/data/iso639-3/afr"
"Ainu","Ainu","ISO_639-3:2007","ain","http://www.lexvo.org/data/iso639-3/ain"
"Akan","Akan","ISO_639-3:2007","aka","http://www.lexvo.org/data/iso639-3/aka"
"Akkadian","Akkadian","ISO_639-3:2007","akk","http://www.lexvo.org/data/iso639-3/akk"
"Albanian","Albanian","ISO_639-3:2007","alb","http://www.lexvo.org/data/iso639-3/alb"
"Aleut","Aleut","ISO_639-3:2007","ale","http://www.lexvo.org/data/iso639-3/ale"
"Algonquian languages","Algonquian languages","ISO_639-3:2007","alg","http://www.lexvo.org/data/iso639-3/alg"
"Southern Altai","Southern Altai","ISO_639-3:2007","alt","http://www.lexvo.org/data/iso639-3/alt"
"Amharic","Amharic","ISO_639-3:2007","amh","http://www.lexvo.org/data/iso639-3/amh"
"English, Old (ca.450-1100)","English, Old (ca.450-1100)","ISO_639-3:2007","ang","http://www.lexvo.org/data/iso639-3/ang"
"Angika","Angika","ISO_639-3:2007","anp","http://www.lexvo.org/data/iso639-3/anp"
"Apache languages","Apache languages","ISO_639-3:2007","apa","http://www.lexvo.org/data/iso639-3/apa"
"Arabic","Arabic","ISO_639-3:2007","ara","http://www.lexvo.org/data/iso639-3/ara"
"Official Aramaic (700-300 BCE); Imperial Aramaic (700-300 BCE)","Official Aramaic (700-300 BCE); Imperial Aramaic (700-300 BCE)","ISO_639-3:2007","arc","http://www.lexvo.org/data/iso639-3/arc"
"Aragonese","Aragonese","ISO_639-3:2007","arg","http://www.lexvo.org/data/iso639-3/arg"
"Armenian","Armenian","ISO_639-3:2007","arm","http://www.lexvo.org/data/iso639-3/arm"
"Mapudungun; Mapuche","Mapudungun; Mapuche","ISO_639-3:2007","arn","http://www.lexvo.org/data/iso639-3/arn"
"Arapaho","Arapaho","ISO_639-3:2007","arp","http://www.lexvo.org/data/iso639-3/arp"
"Artificial languages","Artificial languages","ISO_639-3:2007","art","http://www.lexvo.org/data/iso639-3/art"
"Arawak","Arawak","ISO_639-3:2007","arw","http://www.lexvo.org/data/iso639-3/arw"
"Assamese","Assamese","ISO_639-3:2007","asm","http://www.lexvo.org/data/iso639-3/asm"
"Asturian; Bable; Leonese; Asturleonese","Asturian; Bable; Leonese; Asturleonese","ISO_639-3:2007","ast","http://www.lexvo.org/data/iso639-3/ast"
"Athapascan languages","Athapascan languages","ISO_639-3:2007","ath","http://www.lexvo.org/data/iso639-3/ath"
"Australian languages","Australian languages","ISO_639-3:2007","aus","http://www.lexvo.org/data/iso639-3/aus"
"Avaric","Avaric","ISO_639-3:2007","ava","http://www.lexvo.org/data/iso639-3/ava"
"Avestan","Avestan","ISO_639-3:2007","ave","http://www.lexvo.org/data/iso639-3/ave"
"Awadhi","Awadhi","ISO_639-3:2007","awa","http://www.lexvo.org/data/iso639-3/awa"
"Aymara","Aymara","ISO_639-3:2007","aym","http://www.lexvo.org/data/iso639-3/aym"
"Azerbaijani","Azerbaijani","ISO_639-3:2007","aze","http://www.lexvo.org/data/iso639-3/aze"
"Banda languages","Banda languages","ISO_639-3:2007","bad","http://www.lexvo.org/data/iso639-3/bad"
"Bamileke languages","Bamileke languages","ISO_639-3:2007","bai","http://www.lexvo.org/data/iso639-3/bai"
"Bashkir","Bashkir","ISO_639-3:2007","bak","http://www.lexvo.org/data/iso639-3/bak"
"Baluchi","Baluchi","ISO_639-3:2007","bal","http://www.lexvo.org/data/iso639-3/bal"
"Bambara","Bambara","ISO_639-3:2007","bam","http://www.lexvo.org/data/iso639-3/bam"
"Balinese","Balinese","ISO_639-3:2007","ban","http://www.lexvo.org/data/iso639-3/ban"
"Basque","Basque","ISO_639-3:2007","baq","http://www.lexvo.org/data/iso639-3/baq"
"Basa","Basa","ISO_639-3:2007","bas","http://www.lexvo.org/data/iso639-3/bas"
"Baltic languages","Baltic languages","ISO_639-3:2007","bat","http://www.lexvo.org/data/iso639-3/bat"
"Beja; Bedawiyet","Beja; Bedawiyet","ISO_639-3:2007","bej","http://www.lexvo.org/data/iso639-3/bej"
"Belarusian","Belarusian","ISO_639-3:2007","bel","http://www.lexvo.org/data/iso639-3/bel"
"Bemba","Bemba","ISO_639-3:2007","bem","http://www.lexvo.org/data/iso639-3/bem"
"Bengali","Bengali","ISO_639-3:2007","ben","http://www.lexvo.org/data/iso639-3/ben"
"Berber languages","Berber languages","ISO_639-3:2007","ber","http://www.lexvo.org/data/iso639-3/ber"
"Bhojpuri","Bhojpuri","ISO_639-3:2007","bho","http://www.lexvo.org/data/iso639-3/bho"
"Bihari languages","Bihari languages","ISO_639-3:2007","bih","http://www.lexvo.org/data/iso639-3/bih"
"Bikol","Bikol","ISO_639-3:2007","bik","http://www.lexvo.org/data/iso639-3/bik"
"Bini; Edo","Bini; Edo","ISO_639-3:2007","bin","http://www.lexvo.org/data/iso639-3/bin"
"Bislama","Bislama","ISO_639-3:2007","bis","http://www.lexvo.org/data/iso639-3/bis"
"Siksika","Siksika","ISO_639-3:2007","bla","http://www.lexvo.org/data/iso639-3/bla"
"Bantu (Other)","Bantu (Other)","ISO_639-3:2007","bnt","http://www.lexvo.org/data/iso639-3/bnt"
"Bosnian","Bosnian","ISO_639-3:2007","bos","http://www.lexvo.org/data/iso639-3/bos"
"Braj","Braj","ISO_639-3:2007","bra","http://www.lexvo.org/data/iso639-3/bra"
"Breton","Breton","ISO_639-3:2007","bre","http://www.lexvo.org/data/iso639-3/bre"
"Batak languages","Batak languages","ISO_639-3:2007","btk","http://www.lexvo.org/data/iso639-3/btk"
"Buriat","Buriat","ISO_639-3:2007","bua","http://www.lexvo.org/data/iso639-3/bua"
"Buginese","Buginese","ISO_639-3:2007","bug","http://www.lexvo.org/data/iso639-3/bug"
"Bulgarian","Bulgarian","ISO_639-3:2007","bul","http://www.lexvo.org/data/iso639-3/bul"
"Burmese","Burmese","ISO_639-3:2007","bur","http://www.lexvo.org/data/iso639-3/bur"
"Blin; Bilin","Blin; Bilin","ISO_639-3:2007","byn","http://www.lexvo.org/data/iso639-3/byn"
"Caddo","Caddo","ISO_639-3:2007","cad","http://www.lexvo.org/data/iso639-3/cad"
"Central American Indian languages","Central American Indian languages","ISO_639-3:2007","cai","http://www.lexvo.org/data/iso639-3/cai"
"Galibi Carib","Galibi Carib","ISO_639-3:2007","car","http://www.lexvo.org/data/iso639-3/car"
"Catalan; Valencian","Catalan; Valencian","ISO_639-3:2007","cat","http://www.lexvo.org/data/iso639-3/cat"
"Caucasian languages","Caucasian languages","ISO_639-3:2007","cau","http://www.lexvo.org/data/iso639-3/cau"
"Cebuano","Cebuano","ISO_639-3:2007","ceb","http://www.lexvo.org/data/iso639-3/ceb"
"Celtic languages","Celtic languages","ISO_639-3:2007","cel","http://www.lexvo.org/data/iso639-3/cel"
"Chamorro","Chamorro","ISO_639-3:2007","cha","http://www.lexvo.org/data/iso639-3/cha"
"Chibcha","Chibcha","ISO_639-3:2007","chb","http://www.lexvo.org/data/iso639-3/chb"
"Chechen","Chechen","ISO_639-3:2007","che","http://www.lexvo.org/data/iso639-3/che"
"Chagatai","Chagatai","ISO_639-3:2007","chg","http://www.lexvo.org/data/iso639-3/chg"
"Chinese","Chinese","ISO_639-3:2007","chi","http://www.lexvo.org/data/iso639-3/chi"
"Chuukese","Chuukese","ISO_639-3:2007","chk","http://www.lexvo.org/data/iso639-3/chk"
"Mari","Mari","ISO_639-3:2007","chm","http://www.lexvo.org/data/iso639-3/chm"
"Chinook jargon","Chinook jargon","ISO_639-3:2007","chn","http://www.lexvo.org/data/iso639-3/chn"
"Choctaw","Choctaw","ISO_639-3:2007","cho","http://www.lexvo.org/data/iso639-3/cho"
"Chipewyan; Dene Suline","Chipewyan; Dene Suline","ISO_639-3:2007","chp","http://www.lexvo.org/data/iso639-3/chp"
"Cherokee","Cherokee","ISO_639-3:2007","chr","http://www.lexvo.org/data/iso639-3/chr"
"Church Slavic; Old Slavonic; Church Slavonic; Old Bulgarian; Old Church Slavonic","Church Slavic; Old Slavonic; Church Slavonic; Old Bulgarian; Old Church Slavonic","ISO_639-3:2007","chu","http://www.lexvo.org/data/iso639-3/chu"
"Chuvash","Chuvash","ISO_639-3:2007","chv","http://www.lexvo.org/data/iso639-3/chv"
"Cheyenne","Cheyenne","ISO_639-3:2007","chy","http://www.lexvo.org/data/iso639-3/chy"
"Chamic languages","Chamic languages","ISO_639-3:2007","cmc","http://www.lexvo.org/data/iso639-3/cmc"
"Coptic","Coptic","ISO_639-3:2007","cop","http://www.lexvo.org/data/iso639-3/cop"
"Cornish","Cornish","ISO_639-3:2007","cor","http://www.lexvo.org/data/iso639-3/cor"
"Corsican","Corsican","ISO_639-3:2007","cos","http://www.lexvo.org/data/iso639-3/cos"
"Creoles and pidgins, English based","Creoles and pidgins, English based","ISO_639-3:2007","cpe","http://www.lexvo.org/data/iso639-3/cpe"
"Creoles and pidgins, French-based","Creoles and pidgins, French-based","ISO_639-3:2007","cpf","http://www.lexvo.org/data/iso639-3/cpf"
"Creoles and pidgins, Portuguese-based","Creoles and pidgins, Portuguese-based","ISO_639-3:2007","cpp","http://www.lexvo.org/data/iso639-3/cpp"
"Cree","Cree","ISO_639-3:2007","cre","http://www.lexvo.org/data/iso639-3/cre"
"Crimean Tatar; Crimean Turkish","Crimean Tatar; Crimean Turkish","ISO_639-3:2007","crh","http://www.lexvo.org/data/iso639-3/crh"
"Creoles and pidgins","Creoles and pidgins","ISO_639-3:2007","crp","http://www.lexvo.org/data/iso639-3/crp"
"Kashubian","Kashubian","ISO_639-3:2007","csb","http://www.lexvo.org/data/iso639-3/csb"
"Cushitic languages","Cushitic languages","ISO_639-3:2007","cus","http://www.lexvo.org/data/iso639-3/cus"
"Czech","Czech","ISO_639-3:2007","cze","http://www.lexvo.org/data/iso639-3/cze"
"Dakota","Dakota","ISO_639-3:2007","dak","http://www.lexvo.org/data/iso639-3/dak"
"Danish","Danish","ISO_639-3:2007","dan","http://www.lexvo.org/data/iso639-3/dan"
"Dargwa","Dargwa","ISO_639-3:2007","dar","http://www.lexvo.org/data/iso639-3/dar"
"Land Dayak languages","Land Dayak languages","ISO_639-3:2007","day","http://www.lexvo.org/data/iso639-3/day"
"Delaware","Delaware","ISO_639-3:2007","del","http://www.lexvo.org/data/iso639-3/del"
"Slave (Athapascan)","Slave (Athapascan)","ISO_639-3:2007","den","http://www.lexvo.org/data/iso639-3/den"
"Dogrib","Dogrib","ISO_639-3:2007","dgr","http://www.lexvo.org/data/iso639-3/dgr"
"Dinka","Dinka","ISO_639-3:2007","din","http://www.lexvo.org/data/iso639-3/din"
"Divehi; Dhivehi; Maldivian","Divehi; Dhivehi; Maldivian","ISO_639-3:2007","div","http://www.lexvo.org/data/iso639-3/div"
"Dogri","Dogri","ISO_639-3:2007","doi","http://www.lexvo.org/data/iso639-3/doi"
"Dravidian languages","Dravidian languages","ISO_639-3:2007","dra","http://www.lexvo.org/data/iso639-3/dra"
"Lower Sorbian","Lower Sorbian","ISO_639-3:2007","dsb","http://www.lexvo.org/data/iso639-3/dsb"
"Duala","Duala","ISO_639-3:2007","dua","http://www.lexvo.org/data/iso639-3/dua"
"Dutch, Middle (ca.1050-1350)","Dutch, Middle (ca.1050-1350)","ISO_639-3:2007","dum","http://www.lexvo.org/data/iso639-3/dum"
"Dutch; Flemish","Dutch; Flemish","ISO_639-3:2007","dut","http://www.lexvo.org/data/iso639-3/dut"
"Dyula","Dyula","ISO_639-3:2007","dyu","http://www.lexvo.org/data/iso639-3/dyu"
"Dzongkha","Dzongkha","ISO_639-3:2007","dzo","http://www.lexvo.org/data/iso639-3/dzo"
"Efik","Efik","ISO_639-3:2007","efi","http://www.lexvo.org/data/iso639-3/efi"
"Egyptian (Ancient)","Egyptian (Ancient)","ISO_639-3:2007","egy","http://www.lexvo.org/data/iso639-3/egy"
"Ekajuk","Ekajuk","ISO_639-3:2007","eka","http://www.lexvo.org/data/iso639-3/eka"
"Elamite","Elamite","ISO_639-3:2007","elx","http://www.lexvo.org/data/iso639-3/elx"
"English","English","ISO_639-3:2007","eng","http://www.lexvo.org/data/iso639-3/eng"
"English, Middle (1100-1500)","English, Middle (1100-1500)","ISO_639-3:2007","enm","http://www.lexvo.org/data/iso639-3/enm"
"Esperanto","Esperanto","ISO_639-3:2007","epo","http://www.lexvo.org/data/iso639-3/epo"
"Estonian","Estonian","ISO_639-3:2007","est","http://www.lexvo.org/data/iso639-3/est"
"Ewe","Ewe","ISO_639-3:2007","ewe","http://www.lexvo.org/data/iso639-3/ewe"
"Ewondo","Ewondo","ISO_639-3:2007","ewo","http://www.lexvo.org/data/iso639-3/ewo"
"Fang","Fang","ISO_639-3:2007","fan","http://www.lexvo.org/data/iso639-3/fan"
"Faroese","Faroese","ISO_639-3:2007","fao","http://www.lexvo.org/data/iso639-3/fao"
"Fanti","Fanti","ISO_639-3:2007","fat","http://www.lexvo.org/data/iso639-3/fat"
"Fijian","Fijian","ISO_639-3:2007","fij","http://www.lexvo.org/data/iso639-3/fij"
"Filipino; Pilipino","Filipino; Pilipino","ISO_639-3:2007","fil","http://www.lexvo.org/data/iso639-3/fil"
"Finnish","Finnish","ISO_639-3:2007","fin","http://www.lexvo.org/data/iso639-3/fin"
"Finno-Ugrian languages","Finno-Ugrian languages","ISO_639-3:2007","fiu","http://www.lexvo.org/data/iso639-3/fiu"
"Fon","Fon","ISO_639-3:2007","fon","http://www.lexvo.org/data/iso639-3/fon"
"French","French","ISO_639-3:2007","fre","http://www.lexvo.org/data/iso639-3/fre"
"French, Middle (ca.1400-1600)","French, Middle (ca.1400-1600)","ISO_639-3:2007","frm","http://www.lexvo.org/data/iso639-3/frm"
"French, Old (842-ca.1400)","French, Old (842-ca.1400)","ISO_639-3:2007","fro","http://www.lexvo.org/data/iso639-3/fro"
"Northern Frisian","Northern Frisian","ISO_639-3:2007","frr","http://www.lexvo.org/data/iso639-3/frr"
"Eastern Frisian","Eastern Frisian","ISO_639-3:2007","frs","http://www.lexvo.org/data/iso639-3/frs"
"Western Frisian","Western Frisian","ISO_639-3:2007","fry","http://www.lexvo.org/data/iso639-3/fry"
"Fulah","Fulah","ISO_639-3:2007","ful","http://www.lexvo.org/data/iso639-3/ful"
"Friulian","Friulian","ISO_639-3:2007","fur","http://www.lexvo.org/data/iso639-3/fur"
"Ga","Ga","ISO_639-3:2007","gaa","http://www.lexvo.org/data/iso639-3/gaa"
"Gayo","Gayo","ISO_639-3:2007","gay","http://www.lexvo.org/data/iso639-3/gay"
"Gbaya","Gbaya","ISO_639-3:2007","gba","http://www.lexvo.org/data/iso639-3/gba"
"Germanic languages","Germanic languages","ISO_639-3:2007","gem","http://www.lexvo.org/data/iso639-3/gem"
"Georgian","Georgian","ISO_639-3:2007","geo","http://www.lexvo.org/data/iso639-3/geo"
"German","German","ISO_639-3:2007","ger","http://www.lexvo.org/data/iso639-3/ger"
"Geez","Geez","ISO_639-3:2007","gez","http://www.lexvo.org/data/iso639-3/gez"
"Gilbertese","Gilbertese","ISO_639-3:2007","gil","http://www.lexvo.org/data/iso639-3/gil"
"Gaelic; Scottish Gaelic","Gaelic; Scottish Gaelic","ISO_639-3:2007","gla","http://www.lexvo.org/data/iso639-3/gla"
"Irish","Irish","ISO_639-3:2007","gle","http://www.lexvo.org/data/iso639-3/gle"
"Galician","Galician","ISO_639-3:2007","glg","http://www.lexvo.org/data/iso639-3/glg"
"Manx","Manx","ISO_639-3:2007","glv","http://www.lexvo.org/data/iso639-3/glv"
"German, Middle High (ca.1050-1500)","German, Middle High (ca.1050-1500)","ISO_639-3:2007","gmh","http://www.lexvo.org/data/iso639-3/gmh"
"German, Old High (ca.750-1050)","German, Old High (ca.750-1050)","ISO_639-3:2007","goh","http://www.lexvo.org/data/iso639-3/goh"
"Gondi","Gondi","ISO_639-3:2007","gon","http://www.lexvo.org/data/iso639-3/gon"
"Gorontalo","Gorontalo","ISO_639-3:2007","gor","http://www.lexvo.org/data/iso639-3/gor"
"Gothic","Gothic","ISO_639-3:2007","got","http://www.lexvo.org/data/iso639-3/got"
"Grebo","Grebo","ISO_639-3:2007","grb","http://www.lexvo.org/data/iso639-3/grb"
"Greek, Ancient (to 1453)","Greek, Ancient (to 1453)","ISO_639-3:2007","grc","http://www.lexvo.org/data/iso639-3/grc"
"Greek, Modern (1453-)","Greek, Modern (1453-)","ISO_639-3:2007","gre","http://www.lexvo.org/data/iso639-3/gre"
"Guarani","Guarani","ISO_639-3:2007","grn","http://www.lexvo.org/data/iso639-3/grn"
"Swiss German; Alemannic; Alsatian","Swiss German; Alemannic; Alsatian","ISO_639-3:2007","gsw","http://www.lexvo.org/data/iso639-3/gsw"
"Gujarati","Gujarati","ISO_639-3:2007","guj","http://www.lexvo.org/data/iso639-3/guj"
"Gwich'in","Gwich'in","ISO_639-3:2007","gwi","http://www.lexvo.org/data/iso639-3/gwi"
"Haida","Haida","ISO_639-3:2007","hai","http://www.lexvo.org/data/iso639-3/hai"
"Haitian; Haitian Creole","Haitian; Haitian Creole","ISO_639-3:2007","hat","http://www.lexvo.org/data/iso639-3/hat"
"Hausa","Hausa","ISO_639-3:2007","hau","http://www.lexvo.org/data/iso639-3/hau"
"Hawaiian","Hawaiian","ISO_639-3:2007","haw","http://www.lexvo.org/data/iso639-3/haw"
"Hebrew","Hebrew","ISO_639-3:2007","heb","http://www.lexvo.org/data/iso639-3/heb"
"Herero","Herero","ISO_639-3:2007","her","http://www.lexvo.org/data/iso639-3/her"
"Hiligaynon","Hiligaynon","ISO_639-3:2007","hil","http://www.lexvo.org/data/iso639-3/hil"
"Himachali languages; Western Pahari languages","Himachali languages; Western Pahari languages","ISO_639-3:2007","him","http://www.lexvo.org/data/iso639-3/him"
"Hindi","Hindi","ISO_639-3:2007","hin","http://www.lexvo.org/data/iso639-3/hin"
"Hittite","Hittite","ISO_639-3:2007","hit","http://www.lexvo.org/data/iso639-3/hit"
"Hmong; Mong","Hmong; Mong","ISO_639-3:2007","hmn","http://www.lexvo.org/data/iso639-3/hmn"
"Hiri Motu","Hiri Motu","ISO_639-3:2007","hmo","http://www.lexvo.org/data/iso639-3/hmo"
"Croatian","Croatian","ISO_639-3:2007","hrv","http://www.lexvo.org/data/iso639-3/hrv"
"Upper Sorbian","Upper Sorbian","ISO_639-3:2007","hsb","http://www.lexvo.org/data/iso639-3/hsb"
"Hungarian","Hungarian","ISO_639-3:2007","hun","http://www.lexvo.org/data/iso639-3/hun"
"Hupa","Hupa","ISO_639-3:2007","hup","http://www.lexvo.org/data/iso639-3/hup"
"Iban","Iban","ISO_639-3:2007","iba","http://www.lexvo.org/data/iso639-3/iba"
"Igbo","Igbo","ISO_639-3:2007","ibo","http://www.lexvo.org/data/iso639-3/ibo"
"Icelandic","Icelandic","ISO_639-3:2007","ice","http://www.lexvo.org/data/iso639-3/ice"
"Ido","Ido","ISO_639-3:2007","ido","http://www.lexvo.org/data/iso639-3/ido"
"Sichuan Yi; Nuosu","Sichuan Yi; Nuosu","ISO_639-3:2007","iii","http://www.lexvo.org/data/iso639-3/iii"
"Ijo languages","Ijo languages","ISO_639-3:2007","ijo","http://www.lexvo.org/data/iso639-3/ijo"
"Inuktitut","Inuktitut","ISO_639-3:2007","iku","http://www.lexvo.org/data/iso639-3/iku"
"Interlingue; Occidental","Interlingue; Occidental","ISO_639-3:2007","ile","http://www.lexvo.org/data/iso639-3/ile"
"Iloko","Iloko","ISO_639-3:2007","ilo","http://www.lexvo.org/data/iso639-3/ilo"
"Interlingua (International Auxiliary Language Association)","Interlingua (International Auxiliary Language Association)","ISO_639-3:2007","ina","http://www.lexvo.org/data/iso639-3/ina"
"Indic languages","Indic languages","ISO_639-3:2007","inc","http://www.lexvo.org/data/iso639-3/inc"
"Indonesian","Indonesian","ISO_639-3:2007","ind","http://www.lexvo.org/data/iso639-3/ind"
"Indo-European languages","Indo-European languages","ISO_639-3:2007","ine","http://www.lexvo.org/data/iso639-3/ine"
"Ingush","Ingush","ISO_639-3:2007","inh","http://www.lexvo.org/data/iso639-3/inh"
"Inupiaq","Inupiaq","ISO_639-3:2007","ipk","http://www.lexvo.org/data/iso639-3/ipk"
"Iranian languages","Iranian languages","ISO_639-3:2007","ira","http://www.lexvo.org/data/iso639-3/ira"
"Iroquoian languages","Iroquoian languages","ISO_639-3:2007","iro","http://www.lexvo.org/data/iso639-3/iro"
"Italian","Italian","ISO_639-3:2007","ita","http://www.lexvo.org/data/iso639-3/ita"
"Javanese","Javanese","ISO_639-3:2007","jav","http://www.lexvo.org/data/iso639-3/jav"
"Lojban","Lojban","ISO_639-3:2007","jbo","http://www.lexvo.org/data/iso639-3/jbo"
"Japanese","Japanese","ISO_639-3:2007","jpn","http://www.lexvo.org/data/iso639-3/jpn"
"Judeo-Persian","Judeo-Persian","ISO_639-3:2007","jpr","http://www.lexvo.org/data/iso639-3/jpr"
"Judeo-Arabic","Judeo-Arabic","ISO_639-3:2007","jrb","http://www.lexvo.org/data/iso639-3/jrb"
"Kara-Kalpak","Kara-Kalpak","ISO_639-3:2007","kaa","http://www.lexvo.org/data/iso639-3/kaa"
"Kabyle","Kabyle","ISO_639-3:2007","kab","http://www.lexvo.org/data/iso639-3/kab"
"Kachin; Jingpho","Kachin; Jingpho","ISO_639-3:2007","kac","http://www.lexvo.org/data/iso639-3/kac"
"Kalaallisut; Greenlandic","Kalaallisut; Greenlandic","ISO_639-3:2007","kal","http://www.lexvo.org/data/iso639-3/kal"
"Kamba","Kamba","ISO_639-3:2007","kam","http://www.lexvo.org/data/iso639-3/kam"
"Kannada","Kannada","ISO_639-3:2007","kan","http://www.lexvo.org/data/iso639-3/kan"
"Karen languages","Karen languages","ISO_639-3:2007","kar","http://www.lexvo.org/data/iso639-3/kar"
"Kashmiri","Kashmiri","ISO_639-3:2007","kas","http://www.lexvo.org/data/iso639-3/kas"
"Kanuri","Kanuri","ISO_639-3:2007","kau","http://www.lexvo.org/data/iso639-3/kau"
"Kawi","Kawi","ISO_639-3:2007","kaw","http://www.lexvo.org/data/iso639-3/kaw"
"Kazakh","Kazakh","ISO_639-3:2007","kaz","http://www.lexvo.org/data/iso639-3/kaz"
"Kabardian","Kabardian","ISO_639-3:2007","kbd","http://www.lexvo.org/data/iso639-3/kbd"
"Khasi","Khasi","ISO_639-3:2007","kha","http://www.lexvo.org/data/iso639-3/kha"
"Khoisan languages","Khoisan languages","ISO_639-3:2007","khi","http://www.lexvo.org/data/iso639-3/khi"
"Central Khmer","Central Khmer","ISO_639-3:2007","khm","http://www.lexvo.org/data/iso639-3/khm"
"Khotanese; Sakan","Khotanese; Sakan","ISO_639-3:2007","kho","http://www.lexvo.org/data/iso639-3/kho"
"Kikuyu; Gikuyu","Kikuyu; Gikuyu","ISO_639-3:2007","kik","http://www.lexvo.org/data/iso639-3/kik"
"Kinyarwanda","Kinyarwanda","ISO_639-3:2007","kin","http://www.lexvo.org/data/iso639-3/kin"
"Kirghiz; Kyrgyz","Kirghiz; Kyrgyz","ISO_639-3:2007","kir","http://www.lexvo.org/data/iso639-3/kir"
"Kimbundu","Kimbundu","ISO_639-3:2007","kmb","http://www.lexvo.org/data/iso639-3/kmb"
"Konkani","Konkani","ISO_639-3:2007","kok","http://www.lexvo.org/data/iso639-3/kok"
"Komi","Komi","ISO_639-3:2007","kom","http://www.lexvo.org/data/iso639-3/kom"
"Kongo","Kongo","ISO_639-3:2007","kon","http://www.lexvo.org/data/iso639-3/kon"
"Korean","Korean","ISO_639-3:2007","kor","http://www.lexvo.org/data/iso639-3/kor"
"Kosraean","Kosraean","ISO_639-3:2007","kos","http://www.lexvo.org/data/iso639-3/kos"
"Kpelle","Kpelle","ISO_639-3:2007","kpe","http://www.lexvo.org/data/iso639-3/kpe"
"Karachay-Balkar","Karachay-Balkar","ISO_639-3:2007","krc","http://www.lexvo.org/data/iso639-3/krc"
"Karelian","Karelian","ISO_639-3:2007","krl","http://www.lexvo.org/data/iso639-3/krl"
"Kru languages","Kru languages","ISO_639-3:2007","kro","http://www.lexvo.org/data/iso639-3/kro"
"Kurukh","Kurukh","ISO_639-3:2007","kru","http://www.lexvo.org/data/iso639-3/kru"
"Kuanyama; Kwanyama","Kuanyama; Kwanyama","ISO_639-3:2007","kua","http://www.lexvo.org/data/iso639-3/kua"
"Kumyk","Kumyk","ISO_639-3:2007","kum","http://www.lexvo.org/data/iso639-3/kum"
"Kurdish","Kurdish","ISO_639-3:2007","kur","http://www.lexvo.org/data/iso639-3/kur"
"Kutenai","Kutenai","ISO_639-3:2007","kut","http://www.lexvo.org/data/iso639-3/kut"
"Ladino","Ladino","ISO_639-3:2007","lad","http://www.lexvo.org/data/iso639-3/lad"
"Lahnda","Lahnda","ISO_639-3:2007","lah","http://www.lexvo.org/data/iso639-3/lah"
"Lamba","Lamba","ISO_639-3:2007","lam","http://www.lexvo.org/data/iso639-3/lam"
"Lao","Lao","ISO_639-3:2007","lao","http://www.lexvo.org/data/iso639-3/lao"
"Latin","Latin","ISO_639-3:2007","lat","http://www.lexvo.org/data/iso639-3/lat"
"Latvian","Latvian","ISO_639-3:2007","lav","http://www.lexvo.org/data/iso639-3/lav"
"Lezghian","Lezghian","ISO_639-3:2007","lez","http://www.lexvo.org/data/iso639-3/lez"
"Limburgan; Limburger; Limburgish","Limburgan; Limburger; Limburgish","ISO_639-3:2007","lim","http://www.lexvo.org/data/iso639-3/lim"
"Lingala","Lingala","ISO_639-3:2007","lin","http://www.lexvo.org/data/iso639-3/lin"
"Lithuanian","Lithuanian","ISO_639-3:2007","lit","http://www.lexvo.org/data/iso639-3/lit"
"Mongo","Mongo","ISO_639-3:2007","lol","http://www.lexvo.org/data/iso639-3/lol"
"Lozi","Lozi","ISO_639-3:2007","loz","http://www.lexvo.org/data/iso639-3/loz"
"Luxembourgish; Letzeburgesch","Luxembourgish; Letzeburgesch","ISO_639-3:2007","ltz","http://www.lexvo.org/data/iso639-3/ltz"
"Luba-Lulua","Luba-Lulua","ISO_639-3:2007","lua","http://www.lexvo.org/data/iso639-3/lua"
"Luba-Katanga","Luba-Katanga","ISO_639-3:2007","lub","http://www.lexvo.org/data/iso639-3/lub"
"Ganda","Ganda","ISO_639-3:2007","lug","http://www.lexvo.org/data/iso639-3/lug"
"Luiseno","Luiseno","ISO_639-3:2007","lui","http://www.lexvo.org/data/iso639-3/lui"
"Lunda","Lunda","ISO_639-3:2007","lun","http://www.lexvo.org/data/iso639-3/lun"
"Luo (Kenya and Tanzania)","Luo (Kenya and Tanzania)","ISO_639-3:2007","luo","http://www.lexvo.org/data/iso639-3/luo"
"Lushai","Lushai","ISO_639-3:2007","lus","http://www.lexvo.org/data/iso639-3/lus"
"Macedonian","Macedonian","ISO_639-3:2007","mac","http://www.lexvo.org/data/iso639-3/mac"
"Madurese","Madurese","ISO_639-3:2007","mad","http://www.lexvo.org/data/iso639-3/mad"
"Magahi","Magahi","ISO_639-3:2007","mag","http://www.lexvo.org/data/iso639-3/mag"
"Marshallese","Marshallese","ISO_639-3:2007","mah","http://www.lexvo.org/data/iso639-3/mah"
"Maithili","Maithili","ISO_639-3:2007","mai","http://www.lexvo.org/data/iso639-3/mai"
"Makasar","Makasar","ISO_639-3:2007","mak","http://www.lexvo.org/data/iso639-3/mak"
"Malayalam","Malayalam","ISO_639-3:2007","mal","http://www.lexvo.org/data/iso639-3/mal"
"Mandingo","Mandingo","ISO_639-3:2007","man","http://www.lexvo.org/data/iso639-3/man"
"Maori","Maori","ISO_639-3:2007","mao","http://www.lexvo.org/data/iso639-3/mao"
"Austronesian languages","Austronesian languages","ISO_639-3:2007","map","http://www.lexvo.org/data/iso639-3/map"
"Marathi","Marathi","ISO_639-3:2007","mar","http://www.lexvo.org/data/iso639-3/mar"
"Masai","Masai","ISO_639-3:2007","mas","http://www.lexvo.org/data/iso639-3/mas"
"Malay","Malay","ISO_639-3:2007","may","http://www.lexvo.org/data/iso639-3/may"
"Moksha","Moksha","ISO_639-3:2007","mdf","http://www.lexvo.org/data/iso639-3/mdf"
"Mandar","Mandar","ISO_639-3:2007","mdr","http://www.lexvo.org/data/iso639-3/mdr"
"Mende","Mende","ISO_639-3:2007","men","http://www.lexvo.org/data/iso639-3/men"
"Irish, Middle (900-1200)","Irish, Middle (900-1200)","ISO_639-3:2007","mga","http://www.lexvo.org/data/iso639-3/mga"
"Mi'kmaq; Micmac","Mi'kmaq; Micmac","ISO_639-3:2007","mic","http://www.lexvo.org/data/iso639-3/mic"
"Minangkabau","Minangkabau","ISO_639-3:2007","min","http://www.lexvo.org/data/iso639-3/min"
"Uncoded languages","Uncoded languages","ISO_639-3:2007","mis","http://www.lexvo.org/data/iso639-3/mis"
"Mon-Khmer languages","Mon-Khmer languages","ISO_639-3:2007","mkh","http://www.lexvo.org/data/iso639-3/mkh"
"Malagasy","Malagasy","ISO_639-3:2007","mlg","http://www.lexvo.org/data/iso639-3/mlg"
"Maltese","Maltese","ISO_639-3:2007","mlt","http://www.lexvo.org/data/iso639-3/mlt"
"Manchu","Manchu","ISO_639-3:2007","mnc","http://www.lexvo.org/data/iso639-3/mnc"
"Manipuri","Manipuri","ISO_639-3:2007","mni","http://www.lexvo.org/data/iso639-3/mni"
"Manobo languages","Manobo languages","ISO_639-3:2007","mno","http://www.lexvo.org/data/iso639-3/mno"
"Mohawk","Mohawk","ISO_639-3:2007","moh","http://www.lexvo.org/data/iso639-3/moh"
"Mongolian","Mongolian","ISO_639-3:2007","mon","http://www.lexvo.org/data/iso639-3/mon"
"Mossi","Mossi","ISO_639-3:2007","mos","http://www.lexvo.org/data/iso639-3/mos"
"Multiple languages","Multiple languages","ISO_639-3:2007","mul","http://www.lexvo.org/data/iso639-3/mul"
"Munda languages","Munda languages","ISO_639-3:2007","mun","http://www.lexvo.org/data/iso639-3/mun"
"Creek","Creek","ISO_639-3:2007","mus","http://www.lexvo.org/data/iso639-3/mus"
"Mirandese","Mirandese","ISO_639-3:2007","mwl","http://www.lexvo.org/data/iso639-3/mwl"
"Marwari","Marwari","ISO_639-3:2007","mwr","http://www.lexvo.org/data/iso639-3/mwr"
"Mayan languages","Mayan languages","ISO_639-3:2007","myn","http://www.lexvo.org/data/iso639-3/myn"
"Erzya","Erzya","ISO_639-3:2007","myv","http://www.lexvo.org/data/iso639-3/myv"
"Nahuatl languages","Nahuatl languages","ISO_639-3:2007","nah","http://www.lexvo.org/data/iso639-3/nah"
"North American Indian languages","North American Indian languages","ISO_639-3:2007","nai","http://www.lexvo.org/data/iso639-3/nai"
"Neapolitan","Neapolitan","ISO_639-3:2007","nap","http://www.lexvo.org/data/iso639-3/nap"
"Nauru","Nauru","ISO_639-3:2007","nau","http://www.lexvo.org/data/iso639-3/nau"
"Navajo; Navaho","Navajo; Navaho","ISO_639-3:2007","nav","http://www.lexvo.org/data/iso639-3/nav"
"Ndebele, South; South Ndebele","Ndebele, South; South Ndebele","ISO_639-3:2007","nbl","http://www.lexvo.org/data/iso639-3/nbl"
"Ndebele, North; North Ndebele","Ndebele, North; North Ndebele","ISO_639-3:2007","nde","http://www.lexvo.org/data/iso639-3/nde"
"Ndonga","Ndonga","ISO_639-3:2007","ndo","http://www.lexvo.org/data/iso639-3/ndo"
"Low German; Low Saxon; German, Low; Saxon, Low","Low German; Low Saxon; German, Low; Saxon, Low","ISO_639-3:2007","nds","http://www.lexvo.org/data/iso639-3/nds"
"Nepali","Nepali","ISO_639-3:2007","nep","http://www.lexvo.org/data/iso639-3/nep"
"Nepal Bhasa; Newari","Nepal Bhasa; Newari","ISO_639-3:2007","new","http://www.lexvo.org/data/iso639-3/new"
"Nias","Nias","ISO_639-3:2007","nia","http://www.lexvo.org/data/iso639-3/nia"
"Niger-Kordofanian languages","Niger-Kordofanian languages","ISO_639-3:2007","nic","http://www.lexvo.org/data/iso639-3/nic"
"Niuean","Niuean","ISO_639-3:2007","niu","http://www.lexvo.org/data/iso639-3/niu"
"Norwegian Nynorsk; Nynorsk, Norwegian","Norwegian Nynorsk; Nynorsk, Norwegian","ISO_639-3:2007","nno","http://www.lexvo.org/data/iso639-3/nno"
"Bokmål, Norwegian; Norwegian Bokmål","Bokmål, Norwegian; Norwegian Bokmål","ISO_639-3:2007","nob","http://www.lexvo.org/data/iso639-3/nob"
"Nogai","Nogai","ISO_639-3:2007","nog","http://www.lexvo.org/data/iso639-3/nog"
"Norse, Old","Norse, Old","ISO_639-3:2007","non","http://www.lexvo.org/data/iso639-3/non"
"Norwegian","Norwegian","ISO_639-3:2007","nor","http://www.lexvo.org/data/iso639-3/nor"
"N'Ko","N'Ko","ISO_639-3:2007","nqo","http://www.lexvo.org/data/iso639-3/nqo"
"Pedi; Sepedi; Northern Sotho","Pedi; Sepedi; Northern Sotho","ISO_639-3:2007","nso","http://www.lexvo.org/data/iso639-3/nso"
"Nubian languages","Nubian languages","ISO_639-3:2007","nub","http://www.lexvo.org/data/iso639-3/nub"
"Classical Newari; Old Newari; Classical Nepal Bhasa","Classical Newari; Old Newari; Classical Nepal Bhasa","ISO_639-3:2007","nwc","http://www.lexvo.org/data/iso639-3/nwc"
"Chichewa; Chewa; Nyanja","Chichewa; Chewa; Nyanja","ISO_639-3:2007","nya","http://www.lexvo.org/data/iso639-3/nya"
"Nyamwezi","Nyamwezi","ISO_639-3:2007","nym","http://www.lexvo.org/data/iso639-3/nym"
"Nyankole","Nyankole","ISO_639-3:2007","nyn","http://www.lexvo.org/data/iso639-3/nyn"
"Nyoro","Nyoro","ISO_639-3:2007","nyo","http://www.lexvo.org/data/iso639-3/nyo"
"Nzima","Nzima","ISO_639-3:2007","nzi","http://www.lexvo.org/data/iso639-3/nzi"
"Occitan (post 1500); Provençal","Occitan (post 1500); Provençal","ISO_639-3:2007","oci","http://www.lexvo.org/data/iso639-3/oci"
"Ojibwa","Ojibwa","ISO_639-3:2007","oji","http://www.lexvo.org/data/iso639-3/oji"
"Oriya","Oriya","ISO_639-3:2007","ori","http://www.lexvo.org/data/iso639-3/ori"
"Oromo","Oromo","ISO_639-3:2007","orm","http://www.lexvo.org/data/iso639-3/orm"
"Osage","Osage","ISO_639-3:2007","osa","http://www.lexvo.org/data/iso639-3/osa"
"Ossetian; Ossetic","Ossetian; Ossetic","ISO_639-3:2007","oss","http://www.lexvo.org/data/iso639-3/oss"
"Turkish, Ottoman (1500-1928)","Turkish, Ottoman (1500-1928)","ISO_639-3:2007","ota","http://www.lexvo.org/data/iso639-3/ota"
"Otomian languages","Otomian languages","ISO_639-3:2007","oto","http://www.lexvo.org/data/iso639-3/oto"
"Papuan languages","Papuan languages","ISO_639-3:2007","paa","http://www.lexvo.org/data/iso639-3/paa"
"Pangasinan","Pangasinan","ISO_639-3:2007","pag","http://www.lexvo.org/data/iso639-3/pag"
"Pahlavi","Pahlavi","ISO_639-3:2007","pal","http://www.lexvo.org/data/iso639-3/pal"
"Pampanga; Kapampangan","Pampanga; Kapampangan","ISO_639-3:2007","pam","http://www.lexvo.org/data/iso639-3/pam"
"Panjabi; Punjabi","Panjabi; Punjabi","ISO_639-3:2007","pan","http://www.lexvo.org/data/iso639-3/pan"
"Papiamento","Papiamento","ISO_639-3:2007","pap","http://www.lexvo.org/data/iso639-3/pap"
"Palauan","Palauan","ISO_639-3:2007","pau","http://www.lexvo.org/data/iso639-3/pau"
"Persian, Old (ca.600-400 B.C.)","Persian, Old (ca.600-400 B.C.)","ISO_639-3:2007","peo","http://www.lexvo.org/data/iso639-3/peo"
"Persian","Persian","ISO_639-3:2007","per","http://www.lexvo.org/data/iso639-3/per"
"Philippine languages","Philippine languages","ISO_639-3:2007","phi","http://www.lexvo.org/data/iso639-3/phi"
"Phoenician","Phoenician","ISO_639-3:2007","phn","http://www.lexvo.org/data/iso639-3/phn"
"Pali","Pali","ISO_639-3:2007","pli","http://www.lexvo.org/data/iso639-3/pli"
"Polish","Polish","ISO_639-3:2007","pol","http://www.lexvo.org/data/iso639-3/pol"
"Pohnpeian","Pohnpeian","ISO_639-3:2007","pon","http://www.lexvo.org/data/iso639-3/pon"
"Portuguese","Portuguese","ISO_639-3:2007","por","http://www.lexvo.org/data/iso639-3/por"
"Prakrit languages","Prakrit languages","ISO_639-3:2007","pra","http://www.lexvo.org/data/iso639-3/pra"
"Provençal, Old (to 1500)","Provençal, Old (to 1500)","ISO_639-3:2007","pro","http://www.lexvo.org/data/iso639-3/pro"
"Pushto; Pashto","Pushto; Pashto","ISO_639-3:2007","pus","http://www.lexvo.org/data/iso639-3/pus"
"Reserved for local use","Reserved for local use","ISO_639-3:2007","qaa-qtz","http://www.lexvo.org/data/iso639-3/qaa-qtz"
"Quechua","Quechua","ISO_639-3:2007","que","http://www.lexvo.org/data/iso639-3/que"
"Rajasthani","Rajasthani","ISO_639-3:2007","raj","http://www.lexvo.org/data/iso639-3/raj"
"Rapanui","Rapanui","ISO_639-3:2007","rap","http://www.lexvo.org/data/iso639-3/rap"
"Rarotongan; Cook Islands Maori","Rarotongan; Cook Islands Maori","ISO_639-3:2007","rar","http://www.lexvo.org/data/iso639-3/rar"
"Romance languages","Romance languages","ISO_639-3:2007","roa","http://www.lexvo.org/data/iso639-3/roa"
"Romansh","Romansh","ISO_639-3:2007","roh","http://www.lexvo.org/data/iso639-3/roh"
"Romany","Romany","ISO_639-3:2007","rom","http://www.lexvo.org/data/iso639-3/rom"
"Romanian; Moldavian; Moldovan","Romanian; Moldavian; Moldovan","ISO_639-3:2007","rum","http://www.lexvo.org/data/iso639-3/rum"
"Rundi","Rundi","ISO_639-3:2007","run","http://www.lexvo.org/data/iso639-3/run"
"Aromanian; Arumanian; Macedo-Romanian","Aromanian; Arumanian; Macedo-Romanian","ISO_639-3:2007","rup","http://www.lexvo.org/data/iso639-3/rup"
"Russian","Russian","ISO_639-3:2007","rus","http://www.lexvo.org/data/iso639-3/rus"
"Sandawe","Sandawe","ISO_639-3:2007","sad","http://www.lexvo.org/data/iso639-3/sad"
"Sango","Sango","ISO_639-3:2007","sag","http://www.lexvo.org/data/iso639-3/sag"
"Yakut","Yakut","ISO_639-3:2007","sah","http://www.lexvo.org/data/iso639-3/sah"
"South American Indian (Other)","South American Indian (Other)","ISO_639-3:2007","sai","http://www.lexvo.org/data/iso639-3/sai"
"Salishan languages","Salishan languages","ISO_639-3:2007","sal","http://www.lexvo.org/data/iso639-3/sal"
"Samaritan Aramaic","Samaritan Aramaic","ISO_639-3:2007","sam","http://www.lexvo.org/data/iso639-3/sam"
"Sanskrit","Sanskrit","ISO_639-3:2007","san","http://www.lexvo.org/data/iso639-3/san"
"Sasak","Sasak","ISO_639-3:2007","sas","http://www.lexvo.org/data/iso639-3/sas"
"Santali","Santali","ISO_639-3:2007","sat","http://www.lexvo.org/data/iso639-3/sat"
"Sicilian","Sicilian","ISO_639-3:2007","scn","http://www.lexvo.org/data/iso639-3/scn"
"Scots","Scots","ISO_639-3:2007","sco","http://www.lexvo.org/data/iso639-3/sco"
"Selkup","Selkup","ISO_639-3:2007","sel","http://www.lexvo.org/data/iso639-3/sel"
"Semitic languages","Semitic languages","ISO_639-3:2007","sem","http://www.lexvo.org/data/iso639-3/sem"
"Irish, Old (to 900)","Irish, Old (to 900)","ISO_639-3:2007","sga","http://www.lexvo.org/data/iso639-3/sga"
"Sign Languages","Sign Languages","ISO_639-3:2007","sgn","http://www.lexvo.org/data/iso639-3/sgn"
"Shan","Shan","ISO_639-3:2007","shn","http://www.lexvo.org/data/iso639-3/shn"
"Sidamo","Sidamo","ISO_639-3:2007","sid","http://www.lexvo.org/data/iso639-3/sid"
"Sinhala; Sinhalese","Sinhala; Sinhalese","ISO_639-3:2007","sin","http://www.lexvo.org/data/iso639-3/sin"
"Siouan languages","Siouan languages","ISO_639-3:2007","sio","http://www.lexvo.org/data/iso639-3/sio"
"Sino-Tibetan languages","Sino-Tibetan languages","ISO_639-3:2007","sit","http://www.lexvo.org/data/iso639-3/sit"
"Slavic languages","Slavic languages","ISO_639-3:2007","sla","http://www.lexvo.org/data/iso639-3/sla"
"Slovak","Slovak","ISO_639-3:2007","slo","http://www.lexvo.org/data/iso639-3/slo"
"Slovenian","Slovenian","ISO_639-3:2007","slv","http://www.lexvo.org/data/iso639-3/slv"
"Southern Sami","Southern Sami","ISO_639-3:2007","sma","http://www.lexvo.org/data/iso639-3/sma"
"Northern Sami","Northern Sami","ISO_639-3:2007","sme","http://www.lexvo.org/data/iso639-3/sme"
"Sami languages","Sami languages","ISO_639-3:2007","smi","http://www.lexvo.org/data/iso639-3/smi"
"Lule Sami","Lule Sami","ISO_639-3:2007","smj","http://www.lexvo.org/data/iso639-3/smj"
"Inari Sami","Inari Sami","ISO_639-3:2007","smn","http://www.lexvo.org/data/iso639-3/smn"
"Samoan","Samoan","ISO_639-3:2007","smo","http://www.lexvo.org/data/iso639-3/smo"
"Skolt Sami","Skolt Sami","ISO_639-3:2007","sms","http://www.lexvo.org/data/iso639-3/sms"
"Shona","Shona","ISO_639-3:2007","sna","http://www.lexvo.org/data/iso639-3/sna"
"Sindhi","Sindhi","ISO_639-3:2007","snd","http://www.lexvo.org/data/iso639-3/snd"
"Soninke","Soninke","ISO_639-3:2007","snk","http://www.lexvo.org/data/iso639-3/snk"
"Sogdian","Sogdian","ISO_639-3:2007","sog","http://www.lexvo.org/data/iso639-3/sog"
"Somali","Somali","ISO_639-3:2007","som","http://www.lexvo.org/data/iso639-3/som"
"Songhai languages","Songhai languages","ISO_639-3:2007","son","http://www.lexvo.org/data/iso639-3/son"
"Sotho, Southern","Sotho, Southern","ISO_639-3:2007","sot","http://www.lexvo.org/data/iso639-3/sot"
"Spanish; Castilian","Spanish; Castilian","ISO_639-3:2007","spa","http://www.lexvo.org/data/iso639-3/spa"
"Sardinian","Sardinian","ISO_639-3:2007","srd","http://www.lexvo.org/data/iso639-3/srd"
"Sranan Tongo","Sranan Tongo","ISO_639-3:2007","srn","http://www.lexvo.org/data/iso639-3/srn"
"Serbian","Serbian","ISO_639-3:2007","srp","http://www.lexvo.org/data/iso639-3/srp"
"Serer","Serer","ISO_639-3:2007","srr","http://www.lexvo.org/data/iso639-3/srr"
"Nilo-Saharan languages","Nilo-Saharan languages","ISO_639-3:2007","ssa","http://www.lexvo.org/data/iso639-3/ssa"
"Swati","Swati","ISO_639-3:2007","ssw","http://www.lexvo.org/data/iso639-3/ssw"
"Sukuma","Sukuma","ISO_639-3:2007","suk","http://www.lexvo.org/data/iso639-3/suk"
"Sundanese","Sundanese","ISO_639-3:2007","sun","http://www.lexvo.org/data/iso639-3/sun"
"Susu","Susu","ISO_639-3:2007","sus","http://www.lexvo.org/data/iso639-3/sus"
"Sumerian","Sumerian","ISO_639-3:2007","sux","http://www.lexvo.org/data/iso639-3/sux"
"Swahili","Swahili","ISO_639-3:2007","swa","http://www.lexvo.org/data/iso639-3/swa"
"Swedish","Swedish","ISO_639-3:2007","swe","http://www.lexvo.org/data/iso639-3/swe"
"Classical Syriac","Classical Syriac","ISO_639-3:2007","syc","http://www.lexvo.org/data/iso639-3/syc"
"Syriac","Syriac","ISO_639-3:2007","syr","http://www.lexvo.org/data/iso639-3/syr"
"Tahitian","Tahitian","ISO_639-3:2007","tah","http://www.lexvo.org/data/iso639-3/tah"
"Tai languages","Tai languages","ISO_639-3:2007","tai","http://www.lexvo.org/data/iso639-3/tai"
"Tamil","Tamil","ISO_639-3:2007","tam","http://www.lexvo.org/data/iso639-3/tam"
"Tatar","Tatar","ISO_639-3:2007","tat","http://www.lexvo.org/data/iso639-3/tat"
"Telugu","Telugu","ISO_639-3:2007","tel","http://www.lexvo.org/data/iso639-3/tel"
"Timne","Timne","ISO_639-3:2007","tem","http://www.lexvo.org/data/iso639-3/tem"
"Tereno","Tereno","ISO_639-3:2007","ter","http://www.lexvo.org/data/iso639-3/ter"
"Tetum","Tetum","ISO_639-3:2007","tet","http://www.lexvo.org/data/iso639-3/tet"
"Tajik","Tajik","ISO_639-3:2007","tgk","http://www.lexvo.org/data/iso639-3/tgk"
"Tagalog","Tagalog","ISO_639-3:2007","tgl","http://www.lexvo.org/data/iso639-3/tgl"
"Thai","Thai","ISO_639-3:2007","tha","http://www.lexvo.org/data/iso639-3/tha"
"Tibetan","Tibetan","ISO_639-3:2007","tib","http://www.lexvo.org/data/iso639-3/tib"
"Tigre","Tigre","ISO_639-3:2007","tig","http://www.lexvo.org/data/iso639-3/tig"
"Tigrinya","Tigrinya","ISO_639-3:2007","tir","http://www.lexvo.org/data/iso639-3/tir"
"Tiv","Tiv","ISO_639-3:2007","tiv","http://www.lexvo.org/data/iso639-3/tiv"
"Tokelau","Tokelau","ISO_639-3:2007","tkl","http://www.lexvo.org/data/iso639-3/tkl"
"Klingon; tlhIngan-Hol","Klingon; tlhIngan-Hol","ISO_639-3:2007","tlh","http://www.lexvo.org/data/iso639-3/tlh"
"Tlingit","Tlingit","ISO_639-3:2007","tli","http://www.lexvo.org/data/iso639-3/tli"
"Tamashek","Tamashek","ISO_639-3:2007","tmh","http://www.lexvo.org/data/iso639-3/tmh"
"Tonga (Nyasa)","Tonga (Nyasa)","ISO_639-3:2007","tog","http://www.lexvo.org/data/iso639-3/tog"
"Tonga (Tonga Islands)","Tonga (Tonga Islands)","ISO_639-3:2007","ton","http://www.lexvo.org/data/iso639-3/ton"
"Tok Pisin","Tok Pisin","ISO_639-3:2007","tpi","http://www.lexvo.org/data/iso639-3/tpi"
"Tsimshian","Tsimshian","ISO_639-3:2007","tsi","http://www.lexvo.org/data/iso639-3/tsi"
"Tswana","Tswana","ISO_639-3:2007","tsn","http://www.lexvo.org/data/iso639-3/tsn"
"Tsonga","Tsonga","ISO_639-3:2007","tso","http://www.lexvo.org/data/iso639-3/tso"
"Turkmen","Turkmen","ISO_639-3:2007","tuk","http://www.lexvo.org/data/iso639-3/tuk"
"Tumbuka","Tumbuka","ISO_639-3:2007","tum","http://www.lexvo.org/data/iso639-3/tum"
"Tupi languages","Tupi languages","ISO_639-3:2007","tup","http://www.lexvo.org/data/iso639-3/tup"
"Turkish","Turkish","ISO_639-3:2007","tur","http://www.lexvo.org/data/iso639-3/tur"
"Altaic languages","Altaic languages","ISO_639-3:2007","tut","http://www.lexvo.org/data/iso639-3/tut"
"Tuvalu","Tuvalu","ISO_639-3:2007","tvl","http://www.lexvo.org/data/iso639-3/tvl"
"Twi","Twi","ISO_639-3:2007","twi","http://www.lexvo.org/data/iso639-3/twi"
"Tuvinian","Tuvinian","ISO_639-3:2007","tyv","http://www.lexvo.org/data/iso639-3/tyv"
"Udmurt","Udmurt","ISO_639-3:2007","udm","http://www.lexvo.org/data/iso639-3/udm"
"Ugaritic","Ugaritic","ISO_639-3:2007","uga","http://www.lexvo.org/data/iso639-3/uga"
"Uighur; Uyghur","Uighur; Uyghur","ISO_639-3:2007","uig","http://www.lexvo.org/data/iso639-3/uig"
"Ukrainian","Ukrainian","ISO_639-3:2007","ukr","http://www.lexvo.org/data/iso639-3/ukr"
"Umbundu","Umbundu","ISO_639-3:2007","umb","http://www.lexvo.org/data/iso639-3/umb"
"Undetermined","Undetermined","ISO_639-3:2007","und","http://www.lexvo.org/data/iso639-3/und"
"Urdu","Urdu","ISO_639-3:2007","urd","http://www.lexvo.org/data/iso639-3/urd"
"Uzbek","Uzbek","ISO_639-3:2007","uzb","http://www.lexvo.org/data/iso639-3/uzb"
"Vai","Vai","ISO_639-3:2007","vai","http://www.lexvo.org/data/iso639-3/vai"
"Venda","Venda","ISO_639-3:2007","ven","http://www.lexvo.org/data/iso639-3/ven"
"Vietnamese","Vietnamese","ISO_639-3:2007","vie","http://www.lexvo.org/data/iso639-3/vie"
"Volapük","Volapük","ISO_639-3:2007","vol","http://www.lexvo.org/data/iso639-3/vol"
"Votic","Votic","ISO_639-3:2007","vot","http://www.lexvo.org/data/iso639-3/vot"
"Wakashan languages","Wakashan languages","ISO_639-3:2007","wak","http://www.lexvo.org/data/iso639-3/wak"
"Walamo","Walamo","ISO_639-3:2007","wal","http://www.lexvo.org/data/iso639-3/wal"
"Waray","Waray","ISO_639-3:2007","war","http://www.lexvo.org/data/iso639-3/war"
"Washo","Washo","ISO_639-3:2007","was","http://www.lexvo.org/data/iso639-3/was"
"Welsh","Welsh","ISO_639-3:2007","wel","http://www.lexvo.org/data/iso639-3/wel"
"Sorbian languages","Sorbian languages","ISO_639-3:2007","wen","http://www.lexvo.org/data/iso639-3/wen"
"Walloon","Walloon","ISO_639-3:2007","wln","http://www.lexvo.org/data/iso639-3/wln"
"Wolof","Wolof","ISO_639-3:2007","wol","http://www.lexvo.org/data/iso639-3/wol"
"Kalmyk; Oirat","Kalmyk; Oirat","ISO_639-3:2007","xal","http://www.lexvo.org/data/iso639-3/xal"
"Xhosa","Xhosa","ISO_639-3:2007","xho","http://www.lexvo.org/data/iso639-3/xho"
"Yao","Yao","ISO_639-3:2007","yao","http://www.lexvo.org/data/iso639-3/yao"
"Yapese","Yapese","ISO_639-3:2007","yap","http://www.lexvo.org/data/iso639-3/yap"
"Yiddish","Yiddish","ISO_639-3:2007","yid","http://www.lexvo.org/data/iso639-3/yid"
"Yoruba","Yoruba","ISO_639-3:2007","yor","http://www.lexvo.org/data/iso639-3/yor"
"Yupik languages","Yupik languages","ISO_639-3:2007","ypk","http://www.lexvo.org/data/iso639-3/ypk"
"Zapotec","Zapotec","ISO_639-3:2007","zap","http://www.lexvo.org/data/iso639-3/zap"
"Blissymbols; Blissymbolics; Bliss","Blissymbols; Blissymbolics; Bliss","ISO_639-3:2007","zbl","http://www.lexvo.org/data/iso639-3/zbl"
"Zenaga","Zenaga","ISO_639-3:2007","zen","http://www.lexvo.org/data/iso639-3/zen"
"Standard Moroccan Tamazight","Standard Moroccan Tamazight","ISO_639-3:2007","zgh","http://www.lexvo.org/data/iso639-3/zgh"
"Zhuang; Chuang","Zhuang; Chuang","ISO_639-3:2007","zha","http://www.lexvo.org/data/iso639-3/zha"
"Zande languages","Zande languages","ISO_639-3:2007","znd","http://www.lexvo.org/data/iso639-3/znd"
"Zulu","Zulu","ISO_639-3:2007","zul","http://www.lexvo.org/data/iso639-3/zul"
"Zuni","Zuni","ISO_639-3:2007","zun","http://www.lexvo.org/data/iso639-3/zun"
"No linguistic content; Not applicable","No linguistic content; Not applicable","ISO_639-3:2007","zxx","http://www.lexvo.org/data/iso639-3/zxx"
"Zaza; Dimili; Dimli; Kirdki; Kirmanjki; Zazaki","Zaza; Dimili; Dimli; Kirdki; Kirmanjki; Zazaki","ISO_639-3:2007","zza","http://www.lexvo.org/data/iso639-3/zza"
